content_id,presenter
379869,Дмитрий Быков
379926,Дмитрий Петров
381813,Дмитрий Быков
381851,Дмитрий Быков
344036,Андрей Максимов
395604,Михаил Зыгарь
397807,"Андрей Мовчан, Нуриэль Рубини"
403183,"Лев Гудков, Анна Качкаева, Наталья Тихонова, Эмиль Паин"
408587,Кирилл Разлогов
408633,Максим Семенов
408676,"Ян Левченко, Никита Карцев"
412648,Константин Богомолов
419760,"Андрей Мовчан, Анатолий Карачинский, Леонид Богуславский"
470309,Леонид Гозман
389181,Владимир Назаров
534549,Дмитрий Быков
412707,Людмила Петрановская
390313,Николай Рыбаков
390434,Денис Примаков
393502,Вячеслав Иванов
440458,"Саша Филипенко, Анатолий Белый"
411272,Екатерина Михайлова
414255,Катерина Поливанова
416791,Ирина Млодик
417612,Дима Зицер
424780,Юлия Гиппенрейтер
424847,Юлия Гиппенрейтер
436758,Дима Зицер
440542,Дима Зицер
441224,Алена Прихидько
441776,Елена Новоселова
453362,Сергей Насибян
460123,Екатерина Бойдек
491097,Дима Зицер
493785,Алена Прихидько
517790,Амина Назаралиева
412548,Дмитрий Быков
414822,Дмитрий Быков
416481,Дмитрий Быков
419488,Дмитрий Быков
419983,Дмитрий Быков
420442,Дмитрий Быков
425500,Дмитрий Быков
426936,Дмитрий Быков
429922,Дмитрий Быков
487784,Дмитрий Макаров
489569,Дмитрий Макаров
493083,Дмитрий Макаров
493685,Дмитрий Макаров
