content_id,asset_type,title,parent_id,released_date,presenter,genre,comment
,program,Лекции на Дожде,Дождь Lite,06.04.2011,,"лекция, мастер-класс",
,program,Синдеева,Дождь Lite,25.04.2014,Наталья Синдеева,интервью,
,program,Сто лекций с Дмитрием Быковым,Дождь Lite,12.09.2015,Дмитрий быков,лекция,
,program,Новости,,,,новости,
,program,Новости BBC на Дожде,,,,новости,
,program,Политика. Прямая линия,,,Анна Немзер,"аналитика, интервью",
,program,Деньги. Прямая линия,,,,"аналитика, интервью",
,program,Круглый стол,,,,"аналитика, ток-шоу",
,program,Прямая линия,,,,"аналитика, интервью",
,program,На крыше. Фестиваль лекций 2017,Дождь Lite,,,"лекция, мастер-класс",
,program,Интервью,,,,интервью,
,program,Диалоги,Дождь Lite,,,ток-шоу,
,program,Новости сайта,,,,,нет в списке программ
,program,Разбор,,,,разбор,
,program,Коллекция,,,,межпрограммка,
,program,Господин Хороший. Итоги года,,,,"сатира, стендап, концерт",
,program,На крыше. Фестиваль лекций,Дождь Lite,,,"комедия, мастер-класс",
,program,Прямая линия с Ириной Прохоровой,,,Ирина Прохорова,"аналитика, интервью",
,program,Лекции. Экономический факультет,Дождь Lite,,,лекция,
,program,Разбор полетов с Анной Николаевной,,,Анна Петрова,"комментарий, эдьютейнмент",
,program,Лекции,,,,,лекции сторонних авторов?
,program,Немзер. Прямая линия,,,Анна Немзер,"аналитика, интервью",
,program,Здесь и сейчас,,,,новости,
,,(без программы),,,,,"отдельные эпизоды, без программы"
,program,Утро на Дожде,,,,новости,
,program,Видео дня,,,,новости,
,program,Видео,,,,новости,
,program,И так далее с Михаилом Фишманом,,,Михаил Фишман,"аналитика, новости, интервью",
,program,Деньги,,,,аналитика,
,program,Искусственный отбор,Дождь Lite,,Денис Катаев,обзор,
,program,Спорт на Дожде,Дождь Lite,,,"аналитика, новости",
,program,Hard Day’s Night,,,,интервью,
,program,Кофе-брейк,,,,"аналитика, интервью",
,program,Бремя новостей,,,Павел Лобков,"аналитика, новости",
,program,И так далее с Михаилом Фишманом (архив),,,,,нужно объединить с И так далее с Михаилом Фишманом
,program,Козырев Online,,,Михаил Козырев,разговор со зрителями,
,program,Би Коз,,,Михаил Козырев,обзор,
,program,Собчак,,,Ксения Собчак,интервью,
,program,Дзядко3,,,"Тимофей Дзядко, Тихон Дзядко, Филипп Дзядко",аналитика,
,rubric,Эксперимент,,,,,"сборная рубрика: церемонии, концерты, соцэксперимент"
,program,Женщины сверху,,,Анна Монгайт,"разбор, репортаж",
,program,Кашин.Гуру,,,Олег Кашин,"обзор, аналитика",
,program,Гаджеотаж,,,Владимир Боровой,обзор,
,program,Котрикадзе иностранных дел,,,Екатерина Котрикадзе,"новости, аналитика",
,program,Репортаж Дождя,,,,репортаж,
,program,Чай со слоном,,,,аналитика,
,program,Короче,,,,разбор,
,program,Карта мира,,,,"аналитика, разбор",
,program,Говорите с Юлией Таратутой,,,Юлия Таратута,интервью,
,program,ONLINE,,,,разговор со зрителями,
,program,Нюансы с Юлией Таратутой,,,,аналитика,
,program,LIVEнь,,,,концерт,
,program,Лобков,,,Павел Лобков,"аналитика, новости",
,program,Выход в люди (архив),,,,,дубль: объединить с «Выход в люди»
,program,Макеева,,,Мария Макеева,"аналитика, новости",
,program,Лобков. Вечернее шоу,,,Павел Лобков,"аналитика, новости",
,program,Министерство культуры,,,,ток-шоу,
,program,Паноптикум,,,"Александр Невзоров, Василий Уткин","аналитика, ток-шоу",
,program,Дзядко. Вечернее шоу,,,,"аналитика, новости",
,,Заметки,,,,,"раздел сайта «Заметки», не программа"
,program,Капиталисты. Клуб 33,,,,интервью,
,program,Мгновения,,,,концерт,
,program,Fake News,,,,обзор,
,program,Макеева. Вечернее шоу,,,Мария Макеева,"аналитика, новости",
,program,Монгайт. Вечернее шоу,,,Анна Монгайт,"аналитика, новости",
,program,Ведомости на Дожде,,,,"аналитика, новости",
,program,Republic на Дожде,,,,аналитика,
,program,Как всё начиналось,,,Михаил Козырев,интервью,
,program,Картина дня,,,,новости,
,program,Психология на Дожде (Архив),,,,,дубль: объединить с «Психология на Дожде»
,program,Белковский на Дожде,,,Станислав Белковский,аналитика,
,program,День в Большом городе,,,,реалити-шоу,
,program,Человек под Дождем,,,,интервью,
,program,Большая перемена,,,,реалити-шоу,
,rubric,DW на Дожде,,,,,"это рубрика, внутри которой разные программы"
,program,День Дождения,,,,концерт,
,program,Медведев,,,,"эдьютейнмент, интервью",
,program,Книги,,,,обзор,
,,Анонсы,,,,,"это не программа, а формат (asset-type=promo)"
,program,Право есть,,,,"ток-шоу, кулинарное шоу",
,program,Монгайт,,,Анна Монгайт,ток-шоу,
,program,Большая Перемена. Второй Сезон,,,,реалити-шоу,
,program,Музы,,,"Анна Монгайт, Ольга Шакина","обзор, интервью",
,program,Президент-2042,,,,реалити-шоу,
,program,Дебаты на Дожде архив,,,,дебаты,
,program,Господин Хороший. Ньюзикл,,,,"комедия, стендап",
,program,Все было с Дмитрием Быковым,,,,аналитика,
,program,Backstage,Дождь Lite,,,обзор,
,program,Дома поговорим,,,,интервью,
,program,Держать слово,,,,реалити-шоу,
,program,Перепостмодернизм,,,,обзор,
,program,Вечерний Герасимец с Романом Романовичем,,,,"новости, ток-шоу",
,program,Марафон в поддержку Дождя,,,,марафон,
,program,ГОСДЕП-3,,,,ток-шоу,
,episode,Погода,,,,прогноз погоды,
,program,Россия — это Европа,,,,репортаж,
,program,Города,,,,межпрограммка,
,program,Выход в люди,,,,репортаж,
,program,Козырев Live,,,Михаил Козырев,"концерт, интервью",
,program,Парфенов,,,Леонид Парфенов,"репортаж, интервью, расследование, разбор",
,program,Национальные кулинарные недели,,,,кулинарное шоу,
,program,Прорвемся! Марафон в поддержку медиков,,,,марафон,
,program,Мовчан,,,,аналитика,
,program,Спорт на диване,,,,интервью,
,program,Livejournal LIVE,,,,обзор,
,program,Все разные. Все равные,,,,интервью,
,program,Артдокфест,,,,интервью,
,program,твлетучка,,,,бэкстейдж,
,program,Новая жизнь,,,,бэкстейдж,
,program,Парфенов и Познер,,,,ток-шоу,
,program,Трудно быть с Богом,,,,ток-шоу,
,program,Права,,,,обзор,
,program,Новый год на ДОЖДЕ /// 2014,,,,концерт,
,program,Завтраки с Аленой Долецкой,Дождь Lite,,Алена Долецкая,кулинарное шоу,
,program,Дебаты на Дожде с Юрием Сапрыкиным,,,,дебаты,
,program,Немцов Мост,,,,"ток-шоу, спецэфир, репортаж",
,program,Выборы-2018,,,,"аналитика, репортаж",
,program,Билет в кино,,,,обзор,
,program,Госзакупка дня,,,,межпрограммка,
,program,Другие выборы,,,,"репортаж, разбор",
,program,Вечер с Долецкой,,,Алена Долецкая,интервью,
,program,Шанецкая,,,,"интервью, аналитика",
,program,Спорт от зрителей,,,,"новости, аналитика, интервью",
,program,Русская литература. Экспресс курс от Arzamas,,,,лекция,
,program,Герои Лондона,,,,репортаж,
,program,Американские гонки,,,Константин Эггерт,"аналитика, ток-шоу",
,program,Петербургский экономический форум 2015,,,,репортаж,
,program,Дебаты,,,,дебаты,
,,Спецпроект,,,,,"это не программа, а группировка по жанру «спецпроект»"
,program,Новый год,,,,концерт,
,program,"Время, назад! АРХИВ",,,,,"объединить с Время, назад!"
,program,Музы. Головомойка,,,,обзор,
,program,Drama Queens,,,,"аналитика, ток-шоу",
,program,Иди и смотри,,,,обзор,
,program,Как все навернулось,,,,интервью,
,program,Девяностые. От первого лица,,,,интервью,
,program,Дождь в Бразилии,,,,обзор,
,program,Петербургский экономический форум 2017,,,,репортаж,
,program,Дети Дождя,,,,межпрограммка,
,program,Ненужные. Как найти подростку родителей?,,,,ток-шоу,
,program,Время перемен,,,,лекция,
,program,Нобель,Дождь Lite,,Дмитрий Быков,"лекция, эдьютейнмент",
,program,Панфилова,,,,интервью,
,program,"Время, назад!",,,,"аналитика, дебаты",
,program,Дилетанты,,,,интервью,
,rubric,Документальное кино,,,,,рубрика для документальных фильмов
,program,Зыгарь,,,,лекция,
,program,Наринская и Ревзин,,,,ток-шоу,
,program,"До свидания, детский дом /// Марафон на Дожде",,,,марафон,
,program,Вечерняя Хиллари,,,,ток-шоу,
,program,Марафон #выберидождь,,,,марафон,
,program,Health Kitchen,Дождь Lite,,,"эдьютейнмент, разбор",
,program,Дождь в Петербурге. Включения с ПМЭФ-2013,,,,интервью,
,program,Проповеди,,,,межпрограммка,
,program,Марафон «Не бойся»,,,,марафон,
,program,Хроники Дождя,,,,бэкстейдж,
,program,Желнов,,,,интервью,
,episode,Кастинг ведущих,,,,бэкстейдж,"разовый проект, не программа"
,program,Москва велосипедная,,,,межпрограммка,
,program,Новый год на ДОЖДЕ /// 2013,,,,концерт,
,program,Петербургский экономический форум 2016,,,,репортаж,
,program,Петербургский экономический форум 2018,,,,репортаж,
,program,Русский ковчег,,,,мини-док,
,program,Универсиада,,,,репортаж,
,program,Что (же) делать?,,,,"аналитика, интервью",
,program,Живая музыка на Дожде,Дождь Lite,,,концерт,
,program,"Марафон «До свидания, детский дом»",,,,марафон,
,program,По-быстрому,,,,ток-шоу,
,program,Право есть и петь,Дождь Lite,,Теона Контридзе,"ток-шоу, кулинарное шоу",
,program,Сорокина,,,,ток-шоу,
,program,Дневники,,,,бэкстейдж,
,program,Дождь в Петербурге. Включения с ПМЭФ-2014,,,,репортаж,
,program,Еще не вечер,,,,интервью,
,program,За кого,,,,дебаты,
,program,Шендерович как есть,,,"Анна Немзер, Виктор Шендерович","аналитика, ток-шоу",
,program,Жизнь с Валерием Панюшкиным,,,Валерий Панюшкин,репортаж,
,program,Мультфильмы,,,,анимация,
,program,"Телемарафон ""Свобода выбора""",,,,марафон,
,program,Интерьеры с Наташей Барбье,,,,рум-тур,
,program,Страшные сказки,,,,"эдьютейнмент, лекция",
,program,Болотное дело. Приговор,,,,репортаж,
,,Прогнозы и анонсы,,,,,такой программы нет
,program,Перезагрузка,,,,бэкстейдж,
,program,Интерьеры с Геннадием Йозефавичусом,Дождь Lite,,,рум-тур,
,program,Кино не для всех,,,,кинопоказ,
,program,РИЛ ТОК,,,,ток-шоу,
,program,2012///Я так хочу,,,,обзор,
,program,Патроны,Дождь Lite,,Анна Монгайт,"репортаж, интервью",
,program,Говорите с Тоней Самсоновой,,,Тоня Самсонова,интервью,
,program,Марафон «Любить Родину»,,,,марафон,
,program,Новый год на Дожде /// 2018,,,,спецпроект,
,program,Новый год на Дожде /// 2019,,,,спецпроект,
,program,Новый год на Дожде 2020,,,,спецпроект,
,program,Политическая грамота,,,,межпрограммка,
,,Спортивные комментаторы ДОЖДЯ,,,,,такой программы нет
,program,Коррупция на Дожде,,,,"разбор, аналитика",
,program,Кремер. Вечернее шоу,,,Лика Кремер,"аналитика, новости",
,program,Пархоменко,,,Лев Пархоменко,"интервью, аналитика",
,program,Прилепин,,,Захар Прилепин,интервью,
,program,ГОСДЕПРОДАКШН,,,,комедия,
,program,Год экологии,,,,документальный фильм,
,program,Моя Москва,,,,межпрограммка,
,program,Документальные фильмы Андрея Лошака,,,,документальный фильм,
,episode,ТОП-23 самых мужских поступков ДОЖДЯ,,,,,разовый выпуск
,program,Тарантинки,,,,игровое шоу,
,program,День выборов,,,,репортаж,
,program,Добро всем,,,,документальный фильм,
,program,Конституция,,,,межпрограммка,
,,Видео АРХИВ,,,,,такой программы нет
,program,Ездим дома,,,,трэвел-шоу,
,program,Охота за головами,,,,"эдьютейнмент, разбор",
,program,Память не изменяет,,,,документальный фильм,
,program,Playlist,,,,обзор,
,program,Былое и Дума,,,,мини-док,
,program,В СМЫСЛЕ?,,,,ток-шоу,
,program,Петербургский экономический форум 2019,,,,репортаж,
,program,Republic Talk,,,,интервью,
,program,Говорите с Тимуром Олевским,,,,интервью,
,program,Дождь - это мы!,,,,межпрограммка,
,program,Одна башня сказала,,,,ток-шоу,
,program,Live-show,,,,бэкстейдж,
,program,Вид сверху,,,,интервью,
,program,Киев,,,,новости,
,program,Новый год на Дожде /// 2016,,,,спецпроект,
,program,Рубиновые звезды,,,,аналитика,
,program,Чудное утро с Ксенией Чудиновой,,,,репортаж,
,program,Элементарно,,,,интервью,
,program,Друзья на колесах,,,,обзор,
,program,Идем на рынок,,,,комментарий,
,program,Предчувствие войны. Акция,,,,спецпроект,
,program,Рекламный пельмень,,,,ток-шоу,
,program,Спорт высших достижений,,,,репортаж,
,program,Коронавирус. Деньги,,,,аналитика,
,program,Открытия,,,,межпрограммка,
,program,Спорт. Андронов,,,,аналитика,
,program,Авторское кино,,,,кинопоказ,
,program,Артдокфест. Обсуждение,,,,ток-шоу,
,program,Битва политтехнологов,,,,ток-шоу,
,program,Дорогая страна,,,,межпрограммка,
,program,Кто здесь власть,,,,"репортаж, интервью",
,program,Музейный смотритель,,,,репортаж,
, ,Партнерский материал,,,,,"контейнер партнерского контента, не программа"
,program,Альтман спрашивает,,,,"эдьютейнмент, интервью, разбор",
,program,Двадцать четвертое,,,,мини-док,
,program,Не согласовано. С Ильей Азаром,,,,интервью,
,program,Семейные истории,,,,межпрограммка,
,program,Съедено на Дожде,,,,межпрограммка,
,program,Чемпионат мира на Дожде,,,,ток-шоу,
,program,Foodie,,,,репортаж,
,program,Горожане 2.0,,,,мини-док,
,program,НЕмой рок-н-ролл,,,,документальный фильм,
,program,Нарезка,,,,межпрограммка,
,program,Педсовет,,,,репортаж,
,program,Первый месяц войны,,,,спецпроект,
,program,СвободуГолунову,,,,марафон,
,program,Документальный сериал «Питерские»,,,,"документальный фильм, расследование",
,program,По машинам!,,,,обзор,
,program,Преступление и наказание,,,,межпрограммка,
,program,Приключения ДОЖДЯ в Лондоне,,,,репортаж,
,program,Технический перерыв,,,,ток-шоу,
,program,Ток-шоу «Что делать?»,,,,ток-шоу,
,program,Эпоха Гайдара. Люди перемен,,,,интервью,
,program,Generation ИИ,,,,эдьютейнмент,
,program,Давосский форум — 2015,,,,интервью,
,program,Итальянское меню на Дожде,,,,межпрограммка,
,program,Письма о любви,,,,межпрограммка,
,program,Путч. 25 лет спустя,,,,интервью,
,program,Россия после,,,,аналитика,
,program,Собчак без правил,,,,интервью,
,program,Сто лет спустя,,,,мини-док,
,program,Фантастические TVари,,,,комедия,
,program,Блог Оли Шакиной «За кадром»,,,,репортаж,
,program,"Быстрее, выше, на крыше",,,,межпрограммка,
,program,"Выборы, которые изменили мир",,,,межпрограммка,
,program,Гении Места,,,,трэвел-шоу,
,program,Господин Хороший,,,,"комедия, стендап",
,program,День зрения на Дожде,,,,эдьютейнмент,
,program,Истории о войне,,,,мини-док,
,program,Лекторий «Прямая речь»,,,,лекция,
,program,Парфенов 2012,,,,обзор,
,program,Скатертью дорога,,,,репортаж,
,program,Стихи. Серебряный век,,,,межпрограммка,
,program,Антинаркотическая кампания,,,,межпрограммка,
,program,Биеннале поэтов,,,,межпрограммка,
,program,Варим и сливаем,,,,кулинарное шоу,
,program,День борьбы с потерей памяти,,,,эдьютейнмент,
,program,Дождь в Сочи,,,,репортаж,
,program,За кадром,,,,репортаж,
,program,Молодые и дерзкие,,,,интервью,
,program,Олимпиада и паралимпиада 2012,,,,репортаж,
,program,Реинкарнация,,,,мини-док,
,program,Утро в большом городе с Алексеем Сухановым,,,,утреннее шоу,
,program,ВВП России,,,,репортаж,
,program,Господин Хороший. Новогодний выпуск,,,,спецпроект,
,program,Как живете,,,Ксения Собчак,"интервью, репортаж",
,program,Лица,,,,интервью,
,program,Мемориал,,,,межпрограммка,
,program,Проект «Околоперестройка»,,,,мини-док,
,program,Разумная жизнь с Павлом Лобковым,,,,эдьютейнмент,
,program,"События, которые изменили мир",,,,межпрограммка,
,program,Будь что будет с Машей Борзуновой,,,,аналитика,
,program,Великая Отечественная Правда,,,,спецпроект,
,program,Граница,,,,трэвел-шоу,
,program,Документальные фильмы Сергея Ерженкова,,,,репортаж,
,program,ЕГЭ на Дожде,,,,эдьютейнмент,
,program,Научная революция,,,,межпрограммка,
,program,Самый важный прогноз погоды,,,,межпрограммка,
,program,Сериал «Этюды о свободе»,,,,сериал,
,program,Стартовый капитал,,,,реалити-шоу,
,program,Год переездов,,,,бэкстейдж,
,program,Голубая планета II,,,,"документальный фильм, эдьютейнмент",
,program,Дембельский альбом,,,,межпрограммка,
,program,"Здесь, но не сейчас",,,,"интервью, ток-шоу",
,program,Зыгарь. Вечернее шоу,,,,"аналитика, новости",
,program,Культурное лидерство,,,,ток-шоу,
,program,Летнее чтение,,,,межпрограммка,
,program,Личная история. Блокада,,,,мини-док,
,program,Мэрри ми,,,,интервью,
,rubric,BBC на Дожде,,,,,рубрика контента BBC
,program,Perfetto! Секреты итальянского кофе с Леонидом Парфеновым,,,,межпрограммка,
,program,Большой куш,,,,интервью,
,program,Войнович,,,,интервью,
,program,Главные,,,,обзор,
,program,Год усыновления на ДОЖДЕ,,,,спецпроект,
,program,Зимнее чтение,,,,межпрограммка,
,program,Из чего сделано будущее,,,,"эдьютейнмент, мини-док",
,program,Лондон зовет,,,Сева Новгородцев,трэвел-шоу,
,program,Невозвращенцы,,,,интервью,
,program,Однажды в Пионере,,,,межпрограммка,
,program,ПУТЧ. Реконструкция,,,,мини-док,
,program,Соседи,,,,обзор,
,program,Телеспектакль. Дождь – это мы,,,,спектакль,
,program,Фрагменты,,,,межпрограммка,
,program,Цифровой опыт,,,,эдьютейнмент,
,program,One Day on Earth,,,,межпрограммка,
,program,Будущее правительство,,,,аналитика,
,program,Где идет Дождь?,,,,межпрограммка,
,program,Донбасс,,,,новости,
,program,Негорода,,,,межпрограммка,
,program,Нерассказанные истории,,,,бэкстейдж,
,,О правах человека,,,,,такой программы нет
,program,Показания к применению с Валентиной Бучневой,,,,эдьютейнмент,
,program,Пропавшие без вести,,,,мини-док,
,program,Стартовый капитал. Дело техники,,,,обзор,
,program,Будущее. Начало,,,,эдьютейнмент,
,program,Говорите,,,,интервью,
,program,Лондон гуляет и болеет,,,,репортаж,
,program,Украина,,,,новости,
,program,"Усилия, которые изменили мир",,,,межпрограммка,
,program,Фестиваль «Возвращение»,,,,концерт,
,program,Slon.ru,,,,аналитика,
,program,Влог Дождя,,,,бэкстейдж,
,program,Киновыборы,,,,кинопоказ,
,program,ПослеЗавтра,,,,репортаж,
,program,Прослушка,,,,репортаж,
,program,1 апреля,,,,комедия,
,program,ilift,,,,обзор,
,program,Беслан. 15 лет,,,,спецпроект,
,program,Городские легенды,,,,репортаж,
,program,Дебаты Би-би-си,,,,дебаты,
,program,Дневники недели моды в Париже,,,,межпрограммка,
,program,Зависимость,,,,мини-док,
,program,Игры престолов,,,,интервью,
,program,Космонавты,,,,документальный фильм,
,program,"Люди, которые изменили мир",,,,межпрограммка,
,program,Общество любителей порассуждать с Михаилом Кожуховым,,,,лекция,
,program,Оскар на Дожде,,,,ток-шоу,
,program,Открытый эфир,,,,концерт,
,program,Отправленные зрителями,,,,межпрограммка,
,program,Театр одного Шендеровича,,,,межпрограммка,
,program,Ходячие мертвецы 2,,,,сериал,
,program,After News,,,,аналитика,
,rubric,YouTube на Дожде,,,,,рубрика для сторонних ютуб-программ
,,Архив,,,,,"контейнер архивных материалов сайта, не программа"
,program,Большая перемена-3,,,,реалити-шоу,
,program,Выжившие,,,,репортаж,
,program,Говорите с Павлом Лобковым,,,,интервью,
,program,Документальный сериал «Я псих?»,,,,мини-док,
,program,Здесь и сейчас. Вечернее шоу,,,,новости,
,,Как живете - о проекте,,,,,объединить с Как живете
,program,ПостНаука на Дожде,,,,"лекция, эдьютейнмент",
,,Специальные проекты,,,,,"контейнер спецпроектов, не программа"
,,Утро большого города,,,,,возможный дубль: объединить с «Утро в большом городе с Алексеем Сухановым»
