youtube_id,content_id,verdict,decided_at
N8XZOHbIiA8,491420,match,2026-09-02T01:06:13.679523+00:00
4fMu_ToYEGI,410414,match,2026-09-02T09:11:05.249828+00:00
KyUS-uylAqo,496007,skip,2026-09-02T15:19:45.147306+00:00
BDQiKotegT4,446875,match,2026-09-08T17:37:36.109277+00:00
DND_nrBMkQU,402401,no_match,2026-09-08T17:37:52.726345+00:00
jDmGogz31Ag,544935,no_match,2026-09-08T17:38:16.915148+00:00
6RpyJqcs8kk,234415,no_match,2026-09-08T17:38:31.407662+00:00
-AlkDQ3uMc8,336983,match,2026-09-08T17:38:49.925925+00:00
NnjCvDvtExc,342239,no_match,2026-09-08T17:39:03.782586+00:00
55gT6n4QJys,502155,no_match,2026-09-08T17:39:17.182077+00:00
MiVGIQ2YVvE,335645,no_match,2026-09-08T17:39:30.589821+00:00
zEnTVH8DnKE,168729,no_match,2026-09-08T17:39:43.873644+00:00
SUGsdylol3M,342239,skip,2026-09-09T05:56:40.486072+00:00
wgDnubPQYNg,406046,skip,2026-09-09T05:56:40.486234+00:00
ePpwP5vQNUM,400811,skip,2026-09-09T05:56:40.486286+00:00
_zEISt3KSHg,360353,skip,2026-09-09T05:56:40.486326+00:00
5cptU4MZ4Rc,494867,skip,2026-09-09T05:56:40.486363+00:00
dWoQrCr4sH4,359687,skip,2026-09-09T05:56:40.486398+00:00
b-KyTZkozBU,401564,skip,2026-09-09T05:56:40.486433+00:00
hKDfmvFe0MU,514678,skip,2026-09-09T05:56:40.486464+00:00
VmZtgJZRUGc,401564,skip,2026-09-09T05:56:40.486495+00:00
UYJmd5B_L6Q,524835,skip,2026-09-09T05:56:40.486527+00:00
di11RPXW9ZA,524835,skip,2026-09-09T05:56:40.486557+00:00
7Z-DSsIW_t0,,skip,2026-09-09T05:56:40.486587+00:00
f3L2kzUq_Ok,331642,no_match,2026-09-14T09:26:42.482874+00:00
cRLVSRo0ZKQ,390165,no_match,2026-09-14T09:27:19.235514+00:00
1tQNpy12hDE,486394,no_match,2026-09-14T09:27:25.873214+00:00
eKEsEEowbmQ,491394,no_match,2026-09-14T09:27:33.034115+00:00
IYJ98FWJg_I,541343,no_match,2026-09-14T09:27:40.352914+00:00
VsYooIpZs4M,483830,no_match,2026-09-14T09:27:47.124635+00:00
0UMc2JG1POM,,no_match,2026-09-14T09:27:54.429069+00:00
BH5yk15OU_c,405958,no_match,2026-09-16T16:13:44.268169+00:00
TjbnWuQOvSs,426404,match,2026-09-16T16:13:55.606152+00:00
QTGtM9cWbKM,436940,no_match,2026-09-16T16:14:03.939748+00:00
HVx-aOB8NLs,513167,no_match,2026-09-16T16:14:26.040480+00:00
9FHKEO5cy28,464554,match,2026-09-16T16:14:35.800224+00:00
